-- Table: batches
INSERT INTO "batches" ("_id", "user", "name", "scheduleDays", "startTime", "endTime", "createdAt", "updatedAt", "__v") VALUES ('{"$oid": "69dde322fa81d530926e3fc4"}', '{"$oid": "69dde2eafa81d530926e3f89"}', 'JEE 2026-2027', '["Mon", "Wed", "Fri"]', '17:00', '18:00', '{"$date": "2026-04-14T06:48:02.531Z"}', '{"$date": "2026-04-14T07:22:29.404Z"}', 0);
INSERT INTO "batches" ("_id", "user", "name", "scheduleDays", "startTime", "endTime", "createdAt", "updatedAt", "__v") VALUES ('{"$oid": "6a19a54cd9321dcfdb77e492"}', '{"$oid": "69dde2eafa81d530926e3f89"}', 'Neet 2029', '["Mon", "Wed", "Fri"]', '21:00', '22:30', '{"$date": "2026-05-29T14:40:12.421Z"}', '{"$date": "2026-05-29T14:40:27.374Z"}', 0);
INSERT INTO "batches" ("_id", "user", "name", "scheduleDays", "startTime", "endTime", "teacher", "createdAt", "updatedAt", "__v") VALUES ('{"$oid": "6a48193e7265de933ddb031c"}', '{"$oid": "6a47e63831e83c43325be15a"}', 'BATCH 1', '["Mon", "Tue", "Wed", "Thu", "Fri", "Sat"]', '00:00', '00:00', NULL, '{"$date": "2026-07-03T20:19:10.755Z"}', '{"$date": "2026-07-03T20:19:10.755Z"}', 0);
INSERT INTO "batches" ("_id", "user", "name", "scheduleDays", "startTime", "endTime", "teacher", "createdAt", "updatedAt", "__v") VALUES ('{"$oid": "6a4819527265de933ddb0323"}', '{"$oid": "6a47e63831e83c43325be15a"}', 'BATCH 2', '["Mon", "Tue", "Wed", "Thu", "Fri", "Sat"]', '00:00', '00:00', NULL, '{"$date": "2026-07-03T20:19:30.111Z"}', '{"$date": "2026-07-03T20:19:30.111Z"}', 0);
INSERT INTO "batches" ("_id", "user", "name", "scheduleDays", "startTime", "endTime", "teacher", "createdAt", "updatedAt", "__v") VALUES ('{"$oid": "6a4819697265de933ddb0329"}', '{"$oid": "6a47e63831e83c43325be15a"}', 'HOME TUTION', '["Mon", "Tue", "Wed", "Thu", "Fri", "Sat"]', '00:00', '00:00', NULL, '{"$date": "2026-07-03T20:19:53.085Z"}', '{"$date": "2026-07-03T20:19:53.085Z"}', 0);
INSERT INTO "batches" ("_id", "user", "name", "scheduleDays", "startTime", "endTime", "teacher", "createdAt", "updatedAt", "__v") VALUES ('{"$oid": "6a5b55bfe89987cfc0625105"}', '{"$oid": "6a5b2818e89987cfc0624be1"}', 'Neet', '["Mon", "Wed", "Fri"]', '07:03', '07:03', '{"$oid": "6a5b55a2e89987cfc06250f1"}', '{"$date": "2026-07-18T10:30:23.983Z"}', '{"$date": "2026-07-18T10:30:23.983Z"}', 0);

-- Table: institutes
INSERT INTO "institutes" ("_id", "name", "ownerName", "adminEmail", "adminPhone", "subscriptionPlan", "subscriptionAmount", "trialDays", "subscriptionStart", "subscriptionEnd", "status", "adminUser", "tuitionType", "quizFeatureEnabled", "subscriptionHistory", "createdAt", "updatedAt", "__v") VALUES ('{"$oid": "6a47e63731e83c43325be157"}', 'Tiwari & son''s Academy', 'Vikash Sir', 'jhamlal2003@gmail.com', '7319721155', 'trial', 0, 30, '{"$date": "2026-07-01T00:00:00.000Z"}', '{"$date": "2026-07-31T00:00:00.000Z"}', 'active', '{"$oid": "6a47e63831e83c43325be15a"}', 'solo', FALSE, '[{"plan": "trial", "amount": 0, "startDate": {"$date": "2026-07-01T00:00:00.000Z"}, "endDate": {"$date": "2026-07-31T00:00:00.000Z"}, "trialDays": 30, "note": "Initial subscription", "_id": {"$oid": "6a47e63731e83c43325be158"}, "createdAt": {"$date": "2026-07-03T16:41:27.855Z"}}]', '{"$date": "2026-07-03T16:41:27.857Z"}', '{"$date": "2026-07-03T16:41:28.488Z"}', 0);
INSERT INTO "institutes" ("_id", "name", "ownerName", "adminEmail", "adminPhone", "subscriptionPlan", "subscriptionAmount", "trialDays", "subscriptionStart", "subscriptionEnd", "status", "adminUser", "tuitionType", "quizFeatureEnabled", "subscriptionHistory", "createdAt", "updatedAt", "__v") VALUES ('{"$oid": "6a5b2818e89987cfc0624bde"}', 'Demo', 'Demo', 'demo@gmail.com', '9999999999', 'trial', 0, 365, '{"$date": "2026-07-18T00:00:00.000Z"}', '{"$date": "2027-07-18T00:00:00.000Z"}', 'active', '{"$oid": "6a5b2818e89987cfc0624be1"}', 'institution', TRUE, '[{"plan": "trial", "amount": 0, "startDate": {"$date": "2026-07-18T00:00:00.000Z"}, "endDate": {"$date": "2027-07-18T00:00:00.000Z"}, "trialDays": 365, "note": "Initial subscription", "_id": {"$oid": "6a5b2818e89987cfc0624bdf"}, "createdAt": {"$date": "2026-07-18T07:15:36.444Z"}}]', '{"$date": "2026-07-18T07:15:36.445Z"}', '{"$date": "2026-07-18T07:15:37.068Z"}', 0);

-- Table: notes
INSERT INTO "notes" ("_id", "institute", "createdBy", "title", "pdfUrl", "pdfPublicId", "batch", "createdAt", "updatedAt", "__v") VALUES ('{"$oid": "6a1fff261954b18c1951a303"}', '{"$oid": "6a1b13d29b264c0244fda83f"}', '{"$oid": "6a1b13d39b264c0244fda842"}', 'Test note from codex', 'https://res.cloudinary.com/dztomr6yg/raw/upload/v1780481829/tutiondesk/notes/note_1780481827149.pdf', 'tutiondesk/notes/note_1780481827149.pdf', '{"$oid": "6a1b156e9b264c0244fda8d1"}', '{"$date": "2026-06-03T10:17:10.385Z"}', '{"$date": "2026-06-03T10:17:10.385Z"}', 0);
INSERT INTO "notes" ("_id", "institute", "createdBy", "title", "pdfUrl", "pdfPublicId", "batch", "createdAt", "updatedAt", "__v") VALUES ('{"$oid": "6a23a52bc76b144bdf370c72"}', '{"$oid": "6a20043add443d82b4e127bb"}', '{"$oid": "6a20043add443d82b4e127be"}', 'r', 'https://res.cloudinary.com/dztomr6yg/raw/private/s--7bQCVYdS--/v1780720940/tutiondesk/notes/note_1780720934080_note_1780483213954.pdf', 'tutiondesk/notes/note_1780720934080_note_1780483213954.pdf', NULL, '{"$date": "2026-06-06T04:42:19.376Z"}', '{"$date": "2026-06-06T04:42:19.376Z"}', 0);
INSERT INTO "notes" ("_id", "institute", "createdBy", "title", "pdfUrl", "pdfPublicId", "batch", "createdAt", "updatedAt", "__v") VALUES ('{"$oid": "6a23a546c76b144bdf370c8e"}', '{"$oid": "6a20043add443d82b4e127bb"}', '{"$oid": "6a20043add443d82b4e127be"}', 'jk', 'https://res.cloudinary.com/dztomr6yg/raw/private/s--OLe621ON--/v1780720967/tutiondesk/notes/note_1780720961956_Admit_Card.pdf', 'tutiondesk/notes/note_1780720961956_Admit_Card.pdf', NULL, '{"$date": "2026-06-06T04:42:46.624Z"}', '{"$date": "2026-06-06T04:42:46.624Z"}', 0);
INSERT INTO "notes" ("_id", "institute", "createdBy", "title", "pdfUrl", "pdfPublicId", "batch", "createdAt", "updatedAt", "__v") VALUES ('{"$oid": "6a23a71e8093cf2db35a20d8"}', '{"$oid": "6a20043add443d82b4e127bb"}', '{"$oid": "6a20043add443d82b4e127be"}', 'rty', 'https://res.cloudinary.com/dztomr6yg/raw/private/s--Nsmtrc5S--/v1780721439/tutiondesk/notes/note_1780721434875_44_Books_Tharun_Speaks.pdf', 'tutiondesk/notes/note_1780721434875_44_Books_Tharun_Speaks.pdf', '{"$oid": "6a20045bdd443d82b4e12825"}', '{"$date": "2026-06-06T04:50:38.428Z"}', '{"$date": "2026-06-06T04:50:38.428Z"}', 0);
INSERT INTO "notes" ("_id", "institute", "createdBy", "title", "pdfUrl", "pdfPublicId", "batch", "createdAt", "updatedAt", "__v") VALUES ('{"$oid": "6a3a34d6bfe665b7c38c7012"}', '{"$oid": "6a20043add443d82b4e127bb"}', '{"$oid": "6a20043add443d82b4e127be"}', 'ep', 'https://res.cloudinary.com/dztomr6yg/raw/private/s--EBrA_G79--/v1782199509/tutiondesk/notes/note_1782199509469_Agile_Software_Development_Important_Questions.pdf', 'tutiondesk/notes/note_1782199509469_Agile_Software_Development_Important_Questions.pdf', '{"$oid": "6a20045bdd443d82b4e12825"}', '{"$date": "2026-06-23T07:25:10.363Z"}', '{"$date": "2026-06-23T07:25:10.363Z"}', 0);

-- Table: students
INSERT INTO "students" ("_id", "user", "name", "phone", "parentName", "parentPhone", "email", "address", "enrollmentNumber", "batch", "joinedOn", "dueDate", "totalFees", "feePlanType", "paymentHistory", "attendanceRecords", "password", "lastActiveAt", "currentSessionId", "createdAt", "updatedAt", "__v") VALUES ('{"$oid": "6a48197a7265de933ddb033c"}', '{"$oid": "6a47e63831e83c43325be15a"}', 'SWARIT VATSIN', '9708560666', 'VIJYA LAXMI', '970856066', 'vijyalaxmi21@gmail.com', 'Latma road singh more hatia Ranchi', 'ENR0001', '{"$oid": "6a48193e7265de933ddb031c"}', '{"$date": "2026-01-07T00:00:00.000Z"}', '{"$date": "2026-08-10T00:00:00.000Z"}', 1200, 'monthly', '[{"amount": 1200, "paymentDate": {"$date": "2026-07-10T00:00:00.000Z"}, "paymentType": "monthly", "note": "Marked paid from student search list", "_id": {"$oid": "6a50e16b2a709d2ede456252"}}]', '[{"date": {"$date": "2026-07-17T00:00:00.000Z"}, "status": "present", "_id": {"$oid": "6a5afe9ae89987cfc0624ac2"}}, {"date": {"$date": "2026-07-15T00:00:00.000Z"}, "status": "present", "_id": {"$oid": "6a579edfe89987cfc062269a"}}, {"date": {"$date": "2026-07-13T00:00:00.000Z"}, "status": "present", "_id": {"$oid": "6a54c25b2a709d2ede45714f"}}, {"date": {"$date": "2026-07-11T00:00:00.000Z"}, "status": "present", "_id": {"$oid": "6a52204f2a709d2ede45669f"}}, {"date": {"$date": "2026-07-10T00:00:00.000Z"}, "status": "absent", "_id": {"$oid": "6a50ccb42a709d2ede455e96"}}]', '$2a$10$mll4RmAW5SZ3eBju.lq3je.a72Dc5hBBD8uvaoIMlZihQZDT/8w5K', NULL, NULL, '{"$date": "2026-07-03T20:20:10.301Z"}', '{"$date": "2026-07-18T04:18:34.663Z"}', 7);
INSERT INTO "students" ("_id", "user", "name", "phone", "parentName", "parentPhone", "email", "address", "enrollmentNumber", "batch", "joinedOn", "dueDate", "totalFees", "feePlanType", "paymentHistory", "attendanceRecords", "password", "lastActiveAt", "currentSessionId", "createdAt", "updatedAt", "__v") VALUES ('{"$oid": "6a48197b7265de933ddb0342"}', '{"$oid": "6a47e63831e83c43325be15a"}', 'Kritika', '8252873331', 'Soni devi', '8252873331', 'sd768859@gmail.com', 'Prem nagar Geeta colony road no 6 latma', 'ENR0002', '{"$oid": "6a4819527265de933ddb0323"}', '{"$date": "2026-01-07T00:00:00.000Z"}', '{"$date": "2026-01-07T00:00:00.000Z"}', 800, 'monthly', '[]', '[{"date": {"$date": "2026-07-13T00:00:00.000Z"}, "status": "absent", "_id": {"$oid": "6a54c23c2a709d2ede4570b6"}}, {"date": {"$date": "2026-07-12T00:00:00.000Z"}, "status": "present", "_id": {"$oid": "6a53871f2a709d2ede456bd4"}}, {"date": {"$date": "2026-07-11T00:00:00.000Z"}, "status": "present", "_id": {"$oid": "6a5224a22a709d2ede45674a"}}, {"date": {"$date": "2026-07-10T00:00:00.000Z"}, "status": "present", "_id": {"$oid": "6a50d4b82a709d2ede4560c6"}}]', '$2a$10$mST5EtYSa1aL1BWHtgFn7OVTgzhDHbpv1RyZ6Txpy5TkQutG7rzDW', NULL, NULL, '{"$date": "2026-07-03T20:20:11.347Z"}', '{"$date": "2026-07-13T10:47:24.931Z"}', 5);
INSERT INTO "students" ("_id", "user", "name", "phone", "parentName", "parentPhone", "email", "address", "enrollmentNumber", "batch", "joinedOn", "dueDate", "totalFees", "feePlanType", "paymentHistory", "attendanceRecords", "password", "lastActiveAt", "currentSessionId", "createdAt", "updatedAt", "__v") VALUES ('{"$oid": "6a48197c7265de933ddb0348"}', '{"$oid": "6a47e63831e83c43325be15a"}', 'Viaan Veer', '7362078447', 'Santosh Kumar Thakur', '9304549244', 'viaanveer271@gmail.com', 'Gita Colony, Latma Road', 'ENR0003', '{"$oid": "6a4819527265de933ddb0323"}', '{"$date": "2026-01-07T00:00:00.000Z"}', '{"$date": "2026-08-08T00:00:00.000Z"}', 1000, 'monthly', '[{"amount": 1000, "paymentDate": {"$date": "2026-07-08T00:00:00.000Z"}, "paymentType": "monthly", "note": "Marked paid from student search list", "_id": {"$oid": "6a4df8569961e05fb1a8c6c2"}}]', '[{"date": {"$date": "2026-07-13T00:00:00.000Z"}, "status": "absent", "_id": {"$oid": "6a54c23b2a709d2ede4570a6"}}, {"date": {"$date": "2026-07-12T00:00:00.000Z"}, "status": "present", "_id": {"$oid": "6a53871d2a709d2ede456bc6"}}, {"date": {"$date": "2026-07-11T00:00:00.000Z"}, "status": "present", "_id": {"$oid": "6a5224a12a709d2ede45673f"}}, {"date": {"$date": "2026-07-10T00:00:00.000Z"}, "status": "present", "_id": {"$oid": "6a50d4bf2a709d2ede4560d0"}}]', '$2a$10$2u33a6Po171lAI6WoFmo2e6gm5261pfATDpsNd6rG3OLLWQL4I72q', NULL, NULL, '{"$date": "2026-07-03T20:20:12.383Z"}', '{"$date": "2026-07-13T10:47:23.844Z"}', 6);
INSERT INTO "students" ("_id", "user", "name", "phone", "parentName", "parentPhone", "email", "address", "enrollmentNumber", "batch", "joinedOn", "dueDate", "totalFees", "feePlanType", "paymentHistory", "attendanceRecords", "password", "lastActiveAt", "currentSessionId", "createdAt", "updatedAt", "__v") VALUES ('{"$oid": "6a48197d7265de933ddb034e"}', '{"$oid": "6a47e63831e83c43325be15a"}', 'Nishant Kumar Sharma', '7070457793', 'Kanchan Sharma', '9334965427', 'nitushrma133@gmail.com', 'Hatia singh more siv nagar', 'ENR0004', '{"$oid": "6a48193e7265de933ddb031c"}', '{"$date": "2026-01-07T00:00:00.000Z"}', '{"$date": "2026-08-08T00:00:00.000Z"}', 1300, 'monthly', '[{"amount": 1300, "paymentDate": {"$date": "2026-07-08T00:00:00.000Z"}, "paymentType": "monthly", "note": "Marked paid from student search list", "_id": {"$oid": "6a4df8549961e05fb1a8c6a0"}}]', '[{"date": {"$date": "2026-07-17T00:00:00.000Z"}, "status": "present", "_id": {"$oid": "6a5afe9ae89987cfc0624aaf"}}, {"date": {"$date": "2026-07-16T00:00:00.000Z"}, "status": "present", "_id": {"$oid": "6a58d1bfe89987cfc06235c1"}}, {"date": {"$date": "2026-07-15T00:00:00.000Z"}, "status": "present", "_id": {"$oid": "6a579edde89987cfc0622689"}}, {"date": {"$date": "2026-07-13T00:00:00.000Z"}, "status": "present", "_id": {"$oid": "6a54c25a2a709d2ede457141"}}, {"date": {"$date": "2026-07-12T00:00:00.000Z"}, "status": "present", "_id": {"$oid": "6a5387342a709d2ede456bef"}}, {"date": {"$date": "2026-07-11T00:00:00.000Z"}, "status": "present", "_id": {"$oid": "6a52204e2a709d2ede456693"}}]', '$2a$10$Mt0I2w1lt3MQQltVKuRuBuyM2Yl/EKketEszuyElwJ0IyAudcFJqu', NULL, NULL, '{"$date": "2026-07-03T20:20:13.424Z"}', '{"$date": "2026-07-18T04:18:34.094Z"}', 8);
INSERT INTO "students" ("_id", "user", "name", "phone", "parentName", "parentPhone", "email", "address", "enrollmentNumber", "batch", "joinedOn", "dueDate", "totalFees", "feePlanType", "paymentHistory", "attendanceRecords", "password", "lastActiveAt", "currentSessionId", "createdAt", "updatedAt", "__v") VALUES ('{"$oid": "6a48197e7265de933ddb0354"}', '{"$oid": "6a47e63831e83c43325be15a"}', 'Saksham thapa', '9031285632', 'Lakshmi thapa', '7250325412', 'salshamthapa650@gmail.com', 'Ranchi Jharkhand singmore prem nagar Geeta Colony 834003', 'ENR0005', '{"$oid": "6a48193e7265de933ddb031c"}', '{"$date": "2026-01-07T00:00:00.000Z"}', '{"$date": "2026-08-08T00:00:00.000Z"}', 1200, 'monthly', '[{"amount": 1200, "paymentDate": {"$date": "2026-07-08T00:00:00.000Z"}, "paymentType": "monthly", "note": "Marked paid from student search list", "_id": {"$oid": "6a4df8529961e05fb1a8c67f"}}]', '[{"date": {"$date": "2026-07-17T00:00:00.000Z"}, "status": "present", "_id": {"$oid": "6a5afe99e89987cfc0624a9b"}}, {"date": {"$date": "2026-07-16T00:00:00.000Z"}, "status": "present", "_id": {"$oid": "6a58d1bfe89987cfc06235b7"}}, {"date": {"$date": "2026-07-13T00:00:00.000Z"}, "status": "present", "_id": {"$oid": "6a54c2592a709d2ede457132"}}, {"date": {"$date": "2026-07-11T00:00:00.000Z"}, "status": "present", "_id": {"$oid": "6a52204a2a709d2ede456687"}}, {"date": {"$date": "2026-07-10T00:00:00.000Z"}, "status": "present", "_id": {"$oid": "6a50ccb02a709d2ede455e8c"}}]', '$2a$10$y7T75pX3rrPRUSDGMRunGeX70O2mAko8CeV5Oui9niZ4o.EwpJY3S', NULL, NULL, '{"$date": "2026-07-03T20:20:14.460Z"}', '{"$date": "2026-07-18T04:18:33.228Z"}', 7);
INSERT INTO "students" ("_id", "user", "name", "phone", "parentName", "parentPhone", "email", "address", "enrollmentNumber", "batch", "joinedOn", "dueDate", "totalFees", "feePlanType", "paymentHistory", "attendanceRecords", "password", "lastActiveAt", "currentSessionId", "createdAt", "updatedAt", "__v") VALUES ('{"$oid": "6a48197f7265de933ddb035a"}', '{"$oid": "6a47e63831e83c43325be15a"}', 'Yash jha', '6202706771', 'Madhumala kumari', '6202706771', 'yashjha0om@gmail.com', 'Vikas Nagar rd no 8 singh More ranchi', 'ENR0006', '{"$oid": "6a48193e7265de933ddb031c"}', '{"$date": "2026-01-07T00:00:00.000Z"}', '{"$date": "2026-08-08T00:00:00.000Z"}', 1300, 'monthly', '[{"amount": 1300, "paymentDate": {"$date": "2026-07-08T00:00:00.000Z"}, "paymentType": "monthly", "note": "Marked paid from student search list", "_id": {"$oid": "6a4df8509961e05fb1a8c676"}}]', '[{"date": {"$date": "2026-07-17T00:00:00.000Z"}, "status": "present", "_id": {"$oid": "6a5afe97e89987cfc0624a86"}}, {"date": {"$date": "2026-07-16T00:00:00.000Z"}, "status": "present", "_id": {"$oid": "6a58d1bde89987cfc06235a3"}}, {"date": {"$date": "2026-07-15T00:00:00.000Z"}, "status": "present", "_id": {"$oid": "6a579edce89987cfc0622678"}}, {"date": {"$date": "2026-07-13T00:00:00.000Z"}, "status": "present", "_id": {"$oid": "6a54c2572a709d2ede457122"}}, {"date": {"$date": "2026-07-11T00:00:00.000Z"}, "status": "present", "_id": {"$oid": "6a5220492a709d2ede45667a"}}, {"date": {"$date": "2026-07-10T00:00:00.000Z"}, "status": "present", "_id": {"$oid": "6a50ccaf2a709d2ede455e82"}}]', '$2a$10$9RouIXYJH0p7DshI2JWhiuvLX37z6LVAWwS1rMJy4QUoNxZSkgyUq', NULL, NULL, '{"$date": "2026-07-03T20:20:15.498Z"}', '{"$date": "2026-07-18T04:18:31.417Z"}', 8);
INSERT INTO "students" ("_id", "user", "name", "phone", "parentName", "parentPhone", "email", "address", "enrollmentNumber", "batch", "joinedOn", "dueDate", "totalFees", "feePlanType", "paymentHistory", "attendanceRecords", "password", "lastActiveAt", "currentSessionId", "createdAt", "updatedAt", "__v") VALUES ('{"$oid": "6a4819807265de933ddb0360"}', '{"$oid": "6a47e63831e83c43325be15a"}', 'Prateek', '6202837586', 'Arun kumar', '6202837586', 'arunkumarpppp@gmail.com', 'Shiv nagar latma road hatia ranchi', 'ENR0007', '{"$oid": "6a48193e7265de933ddb031c"}', '{"$date": "2026-01-07T00:00:00.000Z"}', '{"$date": "2026-08-14T00:00:00.000Z"}', 1000, 'monthly', '[{"amount": 1000, "paymentDate": {"$date": "2026-07-14T00:00:00.000Z"}, "paymentType": "monthly", "note": "Marked paid from student search list", "_id": {"$oid": "6a55f504e89987cfc0622205"}}]', '[{"date": {"$date": "2026-07-13T00:00:00.000Z"}, "status": "present", "_id": {"$oid": "6a54c2512a709d2ede457108"}}, {"date": {"$date": "2026-07-11T00:00:00.000Z"}, "status": "present", "_id": {"$oid": "6a5224b62a709d2ede456760"}}, {"date": {"$date": "2026-07-10T00:00:00.000Z"}, "status": "present", "_id": {"$oid": "6a50d0722a709d2ede455fbf"}}]', '$2a$10$xgm.wbXZpzup4Vgdz/RbiO7Qz6NFpTQc.X1fVONwcdTA9eZTFou/m', NULL, NULL, '{"$date": "2026-07-03T20:20:16.534Z"}', '{"$date": "2026-07-14T08:36:20.668Z"}', 5);
INSERT INTO "students" ("_id", "user", "name", "phone", "parentName", "parentPhone", "email", "address", "enrollmentNumber", "batch", "joinedOn", "dueDate", "totalFees", "feePlanType", "paymentHistory", "attendanceRecords", "password", "lastActiveAt", "currentSessionId", "createdAt", "updatedAt", "__v") VALUES ('{"$oid": "6a4819817265de933ddb0366"}', '{"$oid": "6a47e63831e83c43325be15a"}', 'Aryan kumar Sharma', '7698412105', 'Nitesh kumar', '8600029156', 'kumar.amritesh1@gmail.com', 'Lower Geeta colony prem Nagar road no 6,latma road, singh more, Ranchi', 'ENR0008', '{"$oid": "6a4819697265de933ddb0329"}', '{"$date": "2026-01-07T00:00:00.000Z"}', '{"$date": "2026-08-08T00:00:00.000Z"}', 1000, 'monthly', '[{"amount": 1000, "paymentDate": {"$date": "2026-07-08T00:00:00.000Z"}, "paymentType": "monthly", "note": "Marked paid from student search list", "_id": {"$oid": "6a4df84a9961e05fb1a8c641"}}]', '[{"date": {"$date": "2026-07-17T00:00:00.000Z"}, "status": "present", "_id": {"$oid": "6a5afe7fe89987cfc0624a2a"}}, {"date": {"$date": "2026-07-16T00:00:00.000Z"}, "status": "present", "_id": {"$oid": "6a58d19ae89987cfc062350b"}}, {"date": {"$date": "2026-07-12T00:00:00.000Z"}, "status": "present", "_id": {"$oid": "6a5307262a709d2ede456a37"}}, {"date": {"$date": "2026-07-10T00:00:00.000Z"}, "status": "present", "_id": {"$oid": "6a50d4e82a709d2ede456108"}}]', '$2a$10$4ioc0XAUxTzrVo874Guvpug2JjBG8hEuSgTcqagzIhnTnNtxmttuC', '{"$date": "2026-07-07T10:35:22.685Z"}', '1783420509501_7r3p7esbq', '{"$date": "2026-07-03T20:20:17.569Z"}', '{"$date": "2026-07-18T04:18:07.035Z"}', 6);
INSERT INTO "students" ("_id", "user", "name", "phone", "parentName", "parentPhone", "email", "address", "enrollmentNumber", "batch", "joinedOn", "dueDate", "totalFees", "feePlanType", "paymentHistory", "attendanceRecords", "password", "lastActiveAt", "currentSessionId", "createdAt", "updatedAt", "__v") VALUES ('{"$oid": "6a4819827265de933ddb036c"}', '{"$oid": "6a47e63831e83c43325be15a"}', 'Divyansh kumar Sharma', '7698412105', 'Nitesh kumar', '8600029156', 'kumar.amritesh1@gmail.com', 'Lower Geeta Colony Prem Nagar road no 6,latma road, singh more, Ranchi', 'ENR0009', '{"$oid": "6a4819697265de933ddb0329"}', '{"$date": "2026-01-07T00:00:00.000Z"}', '{"$date": "2026-08-08T00:00:00.000Z"}', 1000, 'monthly', '[{"amount": 1000, "paymentDate": {"$date": "2026-07-08T00:00:00.000Z"}, "paymentType": "monthly", "note": "Marked paid from student search list", "_id": {"$oid": "6a4df8499961e05fb1a8c639"}}]', '[{"date": {"$date": "2026-07-17T00:00:00.000Z"}, "status": "present", "_id": {"$oid": "6a5afe7ee89987cfc0624a1a"}}, {"date": {"$date": "2026-07-16T00:00:00.000Z"}, "status": "present", "_id": {"$oid": "6a58d19ae89987cfc0623503"}}, {"date": {"$date": "2026-07-12T00:00:00.000Z"}, "status": "present", "_id": {"$oid": "6a5307252a709d2ede456a30"}}, {"date": {"$date": "2026-07-10T00:00:00.000Z"}, "status": "present", "_id": {"$oid": "6a50d4e72a709d2ede4560fe"}}]', '$2a$10$zP3rCQQPkLty9ljCubwO/O/RUaOv0w1.WGErIpNO.3p33TdQvG5iC', '{"$date": "2026-07-07T21:00:22.148Z"}', '1783420522547_80ha84fq8', '{"$date": "2026-07-03T20:20:18.605Z"}', '{"$date": "2026-07-18T04:18:06.424Z"}', 6);
INSERT INTO "students" ("_id", "user", "name", "phone", "parentName", "parentPhone", "email", "address", "enrollmentNumber", "batch", "joinedOn", "dueDate", "totalFees", "feePlanType", "paymentHistory", "attendanceRecords", "password", "lastActiveAt", "currentSessionId", "createdAt", "updatedAt", "__v") VALUES ('{"$oid": "6a4819837265de933ddb0372"}', '{"$oid": "6a47e63831e83c43325be15a"}', 'PARIDDHI', '9939639969', 'Renu devi', '9939639969', 'renudevi82282@gmail.com', 'Geeta colony road no 6 latma ranchi', 'ENR0010', '{"$oid": "6a48193e7265de933ddb031c"}', '{"$date": "2026-01-07T00:00:00.000Z"}', '{"$date": "2026-01-07T00:00:00.000Z"}', 900, 'monthly', '[]', '[{"date": {"$date": "2026-07-13T00:00:00.000Z"}, "status": "absent", "_id": {"$oid": "6a54c24d2a709d2ede4570f9"}}, {"date": {"$date": "2026-07-12T00:00:00.000Z"}, "status": "present", "_id": {"$oid": "6a53872f2a709d2ede456be2"}}, {"date": {"$date": "2026-07-11T00:00:00.000Z"}, "status": "present", "_id": {"$oid": "6a5224b52a709d2ede456755"}}, {"date": {"$date": "2026-07-10T00:00:00.000Z"}, "status": "present", "_id": {"$oid": "6a50d0712a709d2ede455fb6"}}]', '$2a$10$J2LUFEF2Nfk43SNxmV2X5uIAH2t1TwuGr4tOMQEdUeV4MkN5/U2o6', NULL, NULL, '{"$date": "2026-07-03T20:20:19.640Z"}', '{"$date": "2026-07-13T10:47:41.812Z"}', 5);
INSERT INTO "students" ("_id", "user", "name", "phone", "parentName", "parentPhone", "email", "address", "enrollmentNumber", "batch", "joinedOn", "dueDate", "totalFees", "feePlanType", "paymentHistory", "attendanceRecords", "password", "lastActiveAt", "currentSessionId", "createdAt", "updatedAt", "__v") VALUES ('{"$oid": "6a4819847265de933ddb0378"}', '{"$oid": "6a47e63831e83c43325be15a"}', 'Purvipun', '9939639969', 'Renu devi', '9939639969', 'renudevi82282@gmail.com', 'Geeta colony road no 6 latma ranchi', 'ENR0011', '{"$oid": "6a48193e7265de933ddb031c"}', '{"$date": "2026-01-07T00:00:00.000Z"}', '{"$date": "2026-01-07T00:00:00.000Z"}', 700, 'monthly', '[]', '[{"date": {"$date": "2026-07-17T00:00:00.000Z"}, "status": "absent", "_id": {"$oid": "6a5afe90e89987cfc0624a62"}}, {"date": {"$date": "2026-07-16T00:00:00.000Z"}, "status": "present", "_id": {"$oid": "6a58d1bae89987cfc0623592"}}, {"date": {"$date": "2026-07-15T00:00:00.000Z"}, "status": "present", "_id": {"$oid": "6a579ed9e89987cfc0622669"}}, {"date": {"$date": "2026-07-13T00:00:00.000Z"}, "status": "absent", "_id": {"$oid": "6a54c24d2a709d2ede4570ed"}}, {"date": {"$date": "2026-07-10T00:00:00.000Z"}, "status": "present", "_id": {"$oid": "6a50d06a2a709d2ede455fac"}}]', '$2a$10$X6DmTsUlcfBPxjC67DyPKegAzft5xJYJIexv2m8j0GTxrmUCPKdPi', NULL, NULL, '{"$date": "2026-07-03T20:20:20.683Z"}', '{"$date": "2026-07-18T04:18:27.873Z"}', 6);
INSERT INTO "students" ("_id", "user", "name", "phone", "parentName", "parentPhone", "email", "address", "enrollmentNumber", "batch", "joinedOn", "dueDate", "totalFees", "feePlanType", "paymentHistory", "attendanceRecords", "password", "lastActiveAt", "currentSessionId", "createdAt", "updatedAt", "__v") VALUES ('{"$oid": "6a4819857265de933ddb037e"}', '{"$oid": "6a47e63831e83c43325be15a"}', 'Pratiksha Thapa', '7061640830', 'Priya Thapa', '9570822274', 'priyashailesh1920@gmail.com', 'Bosco Nagar, Gorkha colony, road no.3, gali no.1,hesag', 'ENR0012', '{"$oid": "6a4819697265de933ddb0329"}', '{"$date": "2026-01-07T00:00:00.000Z"}', '{"$date": "2026-08-13T00:00:00.000Z"}', 3000, 'monthly', '[{"amount": 3000, "paymentDate": {"$date": "2026-07-13T00:00:00.000Z"}, "paymentType": "monthly", "note": "Marked paid from student search list", "_id": {"$oid": "6a54e7912a709d2ede457332"}}]', '[{"date": {"$date": "2026-07-17T00:00:00.000Z"}, "status": "present", "_id": {"$oid": "6a5afe7de89987cfc0624a07"}}, {"date": {"$date": "2026-07-15T00:00:00.000Z"}, "status": "present", "_id": {"$oid": "6a579f04e89987cfc062274d"}}, {"date": {"$date": "2026-07-13T00:00:00.000Z"}, "status": "present", "_id": {"$oid": "6a54c2192a709d2ede457051"}}, {"date": {"$date": "2026-07-12T00:00:00.000Z"}, "status": "present", "_id": {"$oid": "6a5307242a709d2ede456a22"}}, {"date": {"$date": "2026-07-10T00:00:00.000Z"}, "status": "present", "_id": {"$oid": "6a50dd3c2a709d2ede4561a2"}}]', '$2a$10$YRBiwgY9p8gw7RNTjfako.YBZgsHswlBYGAInQCuuBTeR./RrAjum', NULL, NULL, '{"$date": "2026-07-03T20:20:21.717Z"}', '{"$date": "2026-07-18T04:18:05.230Z"}', 7);
INSERT INTO "students" ("_id", "user", "name", "phone", "parentName", "parentPhone", "email", "address", "enrollmentNumber", "batch", "joinedOn", "dueDate", "totalFees", "feePlanType", "paymentHistory", "attendanceRecords", "password", "lastActiveAt", "currentSessionId", "createdAt", "updatedAt", "__v") VALUES ('{"$oid": "6a4819867265de933ddb0384"}', '{"$oid": "6a47e63831e83c43325be15a"}', 'Arnav Aaryan', '9304163669', 'Seema', '9304163669', 'arnavaryan11245@gmail.com', 'Krish Palace, Block B, 5th floor E2, Latma road', 'ENR0013', '{"$oid": "6a4819697265de933ddb0329"}', '{"$date": "2026-01-07T00:00:00.000Z"}', '{"$date": "2026-08-16T00:00:00.000Z"}', 3000, 'monthly', '[{"amount": 3000, "paymentDate": {"$date": "2026-07-16T00:00:00.000Z"}, "paymentType": "monthly", "note": "Marked paid from student search list", "_id": {"$oid": "6a590b6be89987cfc06239a0"}}]', '[{"date": {"$date": "2026-07-17T00:00:00.000Z"}, "status": "present", "_id": {"$oid": "6a5afe7be89987cfc06249f4"}}, {"date": {"$date": "2026-07-15T00:00:00.000Z"}, "status": "present", "_id": {"$oid": "6a579f03e89987cfc062273e"}}, {"date": {"$date": "2026-07-13T00:00:00.000Z"}, "status": "present", "_id": {"$oid": "6a54c2162a709d2ede457044"}}, {"date": {"$date": "2026-07-12T00:00:00.000Z"}, "status": "present", "_id": {"$oid": "6a5307232a709d2ede456a18"}}, {"date": {"$date": "2026-07-11T00:00:00.000Z"}, "status": "present", "_id": {"$oid": "6a51dcc02a709d2ede456513"}}]', '$2a$10$3jWMsPsoeHmxtkpLQ53T1eVcp.R/V8OA/irHImvmo4Gv6a1i5FwR2', NULL, NULL, '{"$date": "2026-07-03T20:20:22.756Z"}', '{"$date": "2026-07-18T04:18:03.893Z"}', 7);
INSERT INTO "students" ("_id", "user", "name", "phone", "parentName", "parentPhone", "email", "address", "enrollmentNumber", "batch", "joinedOn", "dueDate", "totalFees", "feePlanType", "paymentHistory", "attendanceRecords", "password", "lastActiveAt", "currentSessionId", "createdAt", "updatedAt", "__v") VALUES ('{"$oid": "6a4819877265de933ddb038a"}', '{"$oid": "6a47e63831e83c43325be15a"}', 'Prakhar Mallik', '8229013224', 'Prabhat Pankaj', '9631261316', 'pankajprabhat@gmail.com', 'Singh More, Prem nagar Rd. No. 06', 'ENR0014', '{"$oid": "6a4819697265de933ddb0329"}', '{"$date": "2026-01-07T00:00:00.000Z"}', '{"$date": "2026-08-08T00:00:00.000Z"}', 2500, 'monthly', '[{"amount": 2500, "paymentDate": {"$date": "2026-07-08T00:00:00.000Z"}, "paymentType": "monthly", "note": "Marked paid from student search list", "_id": {"$oid": "6a4df8419961e05fb1a8c61b"}}]', '[{"date": {"$date": "2026-07-17T00:00:00.000Z"}, "status": "absent", "_id": {"$oid": "6a5afe75e89987cfc06249d4"}}, {"date": {"$date": "2026-07-16T00:00:00.000Z"}, "status": "present", "_id": {"$oid": "6a58d197e89987cfc06234f3"}}, {"date": {"$date": "2026-07-12T00:00:00.000Z"}, "status": "present", "_id": {"$oid": "6a5307222a709d2ede456a0c"}}]', '$2a$10$HVVK7zyVtIFxkO76GkSLyOwtKGAHy7zop8330YNIkMaS6wArPILMe', NULL, NULL, '{"$date": "2026-07-03T20:20:23.792Z"}', '{"$date": "2026-07-18T04:18:01.554Z"}', 5);
INSERT INTO "students" ("_id", "user", "name", "phone", "parentName", "parentPhone", "email", "address", "enrollmentNumber", "batch", "joinedOn", "dueDate", "totalFees", "feePlanType", "paymentHistory", "attendanceRecords", "password", "lastActiveAt", "currentSessionId", "createdAt", "updatedAt", "__v") VALUES ('{"$oid": "6a4819887265de933ddb0390"}', '{"$oid": "6a47e63831e83c43325be15a"}', 'Sanskriti Rai', '8789890076', 'Nitu Rai', '8789890076', 'sunilkumarrai00000@gmail.com', 'Latma road,singhmore,road no 6,geeta colony', 'ENR0015', '{"$oid": "6a4819527265de933ddb0323"}', '{"$date": "2026-01-07T00:00:00.000Z"}', '{"$date": "2026-01-07T00:00:00.000Z"}', 1000, 'monthly', '[]', '[{"date": {"$date": "2026-07-13T00:00:00.000Z"}, "status": "absent", "_id": {"$oid": "6a54c23a2a709d2ede457096"}}, {"date": {"$date": "2026-07-11T00:00:00.000Z"}, "status": "present", "_id": {"$oid": "6a5224a02a709d2ede456733"}}, {"date": {"$date": "2026-07-10T00:00:00.000Z"}, "status": "present", "_id": {"$oid": "6a50d4b02a709d2ede4560bd"}}]', '$2a$10$1dr2xrSxfZdVJCq2NbaFIOAwmUd1I.to7Fa.zbX6yjs8WRz3jrVTi', NULL, NULL, '{"$date": "2026-07-03T20:20:24.830Z"}', '{"$date": "2026-07-13T10:47:22.632Z"}', 4);
INSERT INTO "students" ("_id", "user", "name", "phone", "parentName", "parentPhone", "email", "address", "enrollmentNumber", "batch", "joinedOn", "dueDate", "totalFees", "feePlanType", "paymentHistory", "attendanceRecords", "password", "lastActiveAt", "currentSessionId", "createdAt", "updatedAt", "__v") VALUES ('{"$oid": "6a4819897265de933ddb0396"}', '{"$oid": "6a47e63831e83c43325be15a"}', 'Shubhshri Samriddhi', '9142800547', 'Niraj kumar', '6202122283', 'subhshri1212@gmail.com', 'Singh more, hatia ranchi opp. of mother chef', 'ENR0016', '{"$oid": "6a4819527265de933ddb0323"}', '{"$date": "2026-01-07T00:00:00.000Z"}', '{"$date": "2026-01-07T00:00:00.000Z"}', 1000, 'monthly', '[]', '[{"date": {"$date": "2026-07-17T00:00:00.000Z"}, "status": "present", "_id": {"$oid": "6a5afea6e89987cfc0624b0f"}}, {"date": {"$date": "2026-07-16T00:00:00.000Z"}, "status": "present", "_id": {"$oid": "6a58d1aee89987cfc0623563"}}, {"date": {"$date": "2026-07-15T00:00:00.000Z"}, "status": "present", "_id": {"$oid": "6a579eefe89987cfc06226c7"}}]', '$2a$10$vRtELhWVteikK1DOF20sZ.C5yxoQOSNN0Ze0Ec3qaqksnrj9J.WZS', NULL, NULL, '{"$date": "2026-07-03T20:20:25.867Z"}', '{"$date": "2026-07-18T04:18:46.093Z"}', 4);
INSERT INTO "students" ("_id", "user", "name", "phone", "parentName", "parentPhone", "email", "address", "enrollmentNumber", "batch", "joinedOn", "dueDate", "totalFees", "feePlanType", "paymentHistory", "attendanceRecords", "password", "lastActiveAt", "currentSessionId", "createdAt", "updatedAt", "__v") VALUES ('{"$oid": "6a48198a7265de933ddb039c"}', '{"$oid": "6a47e63831e83c43325be15a"}', 'Naisha Santra', '6287941794', 'Nilima Santra', '6287941794', 'naisha0223@gmail.com', '202 Harigopal Apt. Singhmore Roda no 4', 'ENR0017', '{"$oid": "6a4819697265de933ddb0329"}', '{"$date": "2026-01-07T00:00:00.000Z"}', '{"$date": "2026-08-08T00:00:00.000Z"}', 3000, 'monthly', '[{"amount": 3000, "paymentDate": {"$date": "2026-07-08T00:00:00.000Z"}, "paymentType": "monthly", "note": "Marked paid from student search list", "_id": {"$oid": "6a4df83b9961e05fb1a8c5fe"}}]', '[{"date": {"$date": "2026-07-17T00:00:00.000Z"}, "status": "present", "_id": {"$oid": "6a5afe6fe89987cfc06249c2"}}, {"date": {"$date": "2026-07-16T00:00:00.000Z"}, "status": "present", "_id": {"$oid": "6a58d196e89987cfc06234e3"}}, {"date": {"$date": "2026-07-15T00:00:00.000Z"}, "status": "present", "_id": {"$oid": "6a579f01e89987cfc062272d"}}, {"date": {"$date": "2026-07-13T00:00:00.000Z"}, "status": "present", "_id": {"$oid": "6a54c2142a709d2ede457036"}}, {"date": {"$date": "2026-07-12T00:00:00.000Z"}, "status": "present", "_id": {"$oid": "6a5307212a709d2ede456a01"}}, {"date": {"$date": "2026-07-10T00:00:00.000Z"}, "status": "present", "_id": {"$oid": "6a50d4e12a709d2ede4560f2"}}]', '$2a$10$wsZtwZVOhCJPaLacgpUMhufZTXa3UE5DRvRZVSh1OICwFptkA5vYi', NULL, NULL, '{"$date": "2026-07-03T20:20:26.902Z"}', '{"$date": "2026-07-18T04:17:51.137Z"}', 8);
INSERT INTO "students" ("_id", "user", "name", "phone", "parentName", "parentPhone", "email", "address", "enrollmentNumber", "batch", "joinedOn", "dueDate", "totalFees", "feePlanType", "paymentHistory", "attendanceRecords", "password", "lastActiveAt", "currentSessionId", "createdAt", "updatedAt", "__v") VALUES ('{"$oid": "6a48198b7265de933ddb03a2"}', '{"$oid": "6a47e63831e83c43325be15a"}', 'Praphull patel', '6202837586', 'Mamta Kumari', '6202837586', 'arunkumarpppp@gmail.com', 'Shiv nagar latma road hatia ranchi', 'ENR0018', '{"$oid": "6a48193e7265de933ddb031c"}', '{"$date": "2026-01-07T00:00:00.000Z"}', '{"$date": "2026-08-14T00:00:00.000Z"}', 1000, 'monthly', '[{"amount": 1000, "paymentDate": {"$date": "2026-07-14T00:00:00.000Z"}, "paymentType": "monthly", "note": "Marked paid from student search list", "_id": {"$oid": "6a55f4fce89987cfc0622180"}}]', '[{"date": {"$date": "2026-07-13T00:00:00.000Z"}, "status": "present", "_id": {"$oid": "6a54c24b2a709d2ede4570e0"}}, {"date": {"$date": "2026-07-11T00:00:00.000Z"}, "status": "present", "_id": {"$oid": "6a5224bc2a709d2ede45676c"}}, {"date": {"$date": "2026-07-10T00:00:00.000Z"}, "status": "present", "_id": {"$oid": "6a50d0692a709d2ede455fa3"}}]', '$2a$10$.mO1jqAdq8qT9OwU8Wn0bOInc8yasbX63NqSN6ZmJc1PCPankYrY6', NULL, NULL, '{"$date": "2026-07-03T20:20:27.937Z"}', '{"$date": "2026-07-14T08:36:12.896Z"}', 5);
INSERT INTO "students" ("_id", "user", "name", "phone", "parentName", "parentPhone", "email", "address", "enrollmentNumber", "batch", "joinedOn", "dueDate", "totalFees", "feePlanType", "paymentHistory", "attendanceRecords", "password", "lastActiveAt", "currentSessionId", "createdAt", "updatedAt", "__v") VALUES ('{"$oid": "6a48198c7265de933ddb03a8"}', '{"$oid": "6a47e63831e83c43325be15a"}', 'DIVYANSHU', '8002657958', 'Binita sunwar', '8002657958', 'binitasunwar278@gmail.com', 'Prem Nagar road number 6 Shanti colony  Ranchi', 'ENR0019', '{"$oid": "6a4819527265de933ddb0323"}', '{"$date": "2026-01-07T00:00:00.000Z"}', '{"$date": "2026-02-07T00:00:00.000Z"}', 1000, 'monthly', '[{"amount": 900, "paymentDate": {"$date": "2026-07-08T00:00:00.000Z"}, "paymentType": "monthly", "note": "Marked paid from student search list", "_id": {"$oid": "6a4df8369961e05fb1a8c5da"}}]', '[{"date": {"$date": "2026-07-17T00:00:00.000Z"}, "status": "present", "_id": {"$oid": "6a5afea4e89987cfc0624afd"}}, {"date": {"$date": "2026-07-16T00:00:00.000Z"}, "status": "present", "_id": {"$oid": "6a58d1ade89987cfc0623553"}}, {"date": {"$date": "2026-07-15T00:00:00.000Z"}, "status": "present", "_id": {"$oid": "6a579eeee89987cfc06226ba"}}, {"date": {"$date": "2026-07-13T00:00:00.000Z"}, "status": "present", "_id": {"$oid": "6a54c2362a709d2ede457087"}}, {"date": {"$date": "2026-07-12T00:00:00.000Z"}, "status": "present", "_id": {"$oid": "6a53871b2a709d2ede456bb7"}}, {"date": {"$date": "2026-07-11T00:00:00.000Z"}, "status": "present", "_id": {"$oid": "6a5220342a709d2ede456660"}}, {"date": {"$date": "2026-07-10T00:00:00.000Z"}, "status": "present", "_id": {"$oid": "6a50ccd92a709d2ede455eb5"}}]', '$2a$10$Py34R6VxvOOetUGpgwzzZekJDmLy/Mc.hkrUxuq1qOVCWiC13PPAu', NULL, NULL, '{"$date": "2026-07-03T20:20:28.973Z"}', '{"$date": "2026-07-18T04:18:44.833Z"}', 9);
INSERT INTO "students" ("_id", "user", "name", "phone", "parentName", "parentPhone", "email", "address", "enrollmentNumber", "batch", "joinedOn", "dueDate", "totalFees", "feePlanType", "paymentHistory", "attendanceRecords", "password", "lastActiveAt", "currentSessionId", "createdAt", "updatedAt", "__v") VALUES ('{"$oid": "6a48198e7265de933ddb03ae"}', '{"$oid": "6a47e63831e83c43325be15a"}', 'Manash Raj', '9122595433', 'Chandan Kumar', '7004308356', 'chandankr857@gmail.com', 'Road no. 10, Vikash Nagar', 'ENR0020', '{"$oid": "6a48193e7265de933ddb031c"}', '{"$date": "2026-01-07T00:00:00.000Z"}', '{"$date": "2026-08-10T00:00:00.000Z"}', 1200, 'monthly', '[{"amount": 1200, "paymentDate": {"$date": "2026-07-10T00:00:00.000Z"}, "paymentType": "monthly", "note": "Marked paid from student search list", "_id": {"$oid": "6a51035b2a709d2ede45636f"}}]', '[{"date": {"$date": "2026-07-17T00:00:00.000Z"}, "status": "present", "_id": {"$oid": "6a5afe8fe89987cfc0624a41"}}, {"date": {"$date": "2026-07-16T00:00:00.000Z"}, "status": "present", "_id": {"$oid": "6a58d1b8e89987cfc0623582"}}, {"date": {"$date": "2026-07-13T00:00:00.000Z"}, "status": "present", "_id": {"$oid": "6a54c24a2a709d2ede4570d3"}}, {"date": {"$date": "2026-07-11T00:00:00.000Z"}, "status": "present", "_id": {"$oid": "6a5220432a709d2ede45666d"}}, {"date": {"$date": "2026-07-10T00:00:00.000Z"}, "status": "present", "_id": {"$oid": "6a50ccab2a709d2ede455e77"}}]', '$2a$10$INJ6yQJVHAz6tRMGlgELT.27DxbJLK/4H9PKzCmr4Z7m1WG622.O.', NULL, NULL, '{"$date": "2026-07-03T20:20:30.008Z"}', '{"$date": "2026-07-18T04:18:23.037Z"}', 7);
INSERT INTO "students" ("_id", "user", "name", "phone", "parentName", "parentPhone", "email", "address", "enrollmentNumber", "batch", "joinedOn", "dueDate", "totalFees", "feePlanType", "paymentHistory", "attendanceRecords", "password", "lastActiveAt", "currentSessionId", "createdAt", "updatedAt", "__v") VALUES ('{"$oid": "6a48198f7265de933ddb03b4"}', '{"$oid": "6a47e63831e83c43325be15a"}', 'Ansh pradhan', '7004865434', 'Ashu pradhan', '7004865434', 'ashu.pradhan999@gmail.com', 'Prem nagar road no.4 ranchi, jharkhand 83400 india', 'ENR0021', '{"$oid": "6a4819697265de933ddb0329"}', '{"$date": "2026-01-07T00:00:00.000Z"}', '{"$date": "2026-08-08T00:00:00.000Z"}', 2000, 'monthly', '[{"amount": 2000, "paymentDate": {"$date": "2026-07-08T00:00:00.000Z"}, "paymentType": "monthly", "note": "Marked paid from student search list", "_id": {"$oid": "6a4df8329961e05fb1a8c5b0"}}]', '[{"date": {"$date": "2026-07-17T00:00:00.000Z"}, "status": "present", "_id": {"$oid": "6a5afe6be89987cfc06249ad"}}, {"date": {"$date": "2026-07-16T00:00:00.000Z"}, "status": "present", "_id": {"$oid": "6a58d195e89987cfc06234d0"}}, {"date": {"$date": "2026-07-15T00:00:00.000Z"}, "status": "present", "_id": {"$oid": "6a579f00e89987cfc062271c"}}, {"date": {"$date": "2026-07-13T00:00:00.000Z"}, "status": "present", "_id": {"$oid": "6a54c2122a709d2ede457027"}}, {"date": {"$date": "2026-07-12T00:00:00.000Z"}, "status": "present", "_id": {"$oid": "6a5307202a709d2ede4569f3"}}, {"date": {"$date": "2026-07-11T00:00:00.000Z"}, "status": "present", "_id": {"$oid": "6a51dcbc2a709d2ede456509"}}]', '$2a$10$X7YD6CHhT61CWpJtzqBlHOwukPddlRaPYbJAyD54iTO3BnBMD7J/.', NULL, NULL, '{"$date": "2026-07-03T20:20:31.043Z"}', '{"$date": "2026-07-18T04:17:47.150Z"}', 8);
INSERT INTO "students" ("_id", "user", "name", "phone", "parentName", "parentPhone", "email", "address", "enrollmentNumber", "batch", "joinedOn", "dueDate", "totalFees", "feePlanType", "paymentHistory", "attendanceRecords", "password", "lastActiveAt", "currentSessionId", "createdAt", "updatedAt", "__v") VALUES ('{"$oid": "6a4819907265de933ddb03ba"}', '{"$oid": "6a47e63831e83c43325be15a"}', 'Shreya Pradhan', '7260829172', 'Shankar Bahadur', '7260829172', 'shreyapradhan180113@gmail.com', 'Prem nagar road no. 4,Gita colony', 'ENR0022', '{"$oid": "6a4819697265de933ddb0329"}', '{"$date": "2026-01-07T00:00:00.000Z"}', '{"$date": "2026-08-08T00:00:00.000Z"}', 2500, 'monthly', '[{"amount": 2500, "paymentDate": {"$date": "2026-07-08T00:00:00.000Z"}, "paymentType": "monthly", "note": "Marked paid from student search list", "_id": {"$oid": "6a4df8309961e05fb1a8c59f"}}]', '[{"date": {"$date": "2026-07-17T00:00:00.000Z"}, "status": "present", "_id": {"$oid": "6a5afe6ae89987cfc0624991"}}, {"date": {"$date": "2026-07-16T00:00:00.000Z"}, "status": "present", "_id": {"$oid": "6a58d194e89987cfc06234be"}}, {"date": {"$date": "2026-07-15T00:00:00.000Z"}, "status": "present", "_id": {"$oid": "6a579effe89987cfc062270b"}}, {"date": {"$date": "2026-07-13T00:00:00.000Z"}, "status": "present", "_id": {"$oid": "6a54c2112a709d2ede457014"}}, {"date": {"$date": "2026-07-12T00:00:00.000Z"}, "status": "present", "_id": {"$oid": "6a53071f2a709d2ede4569e7"}}, {"date": {"$date": "2026-07-11T00:00:00.000Z"}, "status": "present", "_id": {"$oid": "6a51dcbb2a709d2ede4564fb"}}]', '$2a$10$8aNI.n9bKAV0bPdLYQ/8MuFfymdY8FyH16rTfU66NKT8wZqn7g64q', NULL, NULL, '{"$date": "2026-07-03T20:20:32.081Z"}', '{"$date": "2026-07-18T04:17:46.250Z"}', 8);
INSERT INTO "students" ("_id", "user", "name", "phone", "parentName", "parentPhone", "email", "address", "enrollmentNumber", "batch", "joinedOn", "dueDate", "totalFees", "feePlanType", "paymentHistory", "attendanceRecords", "password", "lastActiveAt", "currentSessionId", "createdAt", "updatedAt", "__v") VALUES ('{"$oid": "6a4819917265de933ddb03c0"}', '{"$oid": "6a47e63831e83c43325be15a"}', 'Ananya Pradhan', '7260829172', 'Shankar Bahadur', '7260829172', 'ananyapradhan16021@gmail.com', 'Prem nagar road no. 4 Gita colony', 'ENR0023', '{"$oid": "6a4819697265de933ddb0329"}', '{"$date": "2026-01-07T00:00:00.000Z"}', '{"$date": "2026-08-08T00:00:00.000Z"}', 2500, 'monthly', '[{"amount": 2500, "paymentDate": {"$date": "2026-07-08T00:00:00.000Z"}, "paymentType": "monthly", "note": "Marked paid from student search list", "_id": {"$oid": "6a4df82e9961e05fb1a8c596"}}]', '[{"date": {"$date": "2026-07-17T00:00:00.000Z"}, "status": "present", "_id": {"$oid": "6a5afe69e89987cfc0624985"}}, {"date": {"$date": "2026-07-16T00:00:00.000Z"}, "status": "present", "_id": {"$oid": "6a58d193e89987cfc06234ab"}}, {"date": {"$date": "2026-07-15T00:00:00.000Z"}, "status": "present", "_id": {"$oid": "6a579efee89987cfc06226fb"}}, {"date": {"$date": "2026-07-13T00:00:00.000Z"}, "status": "present", "_id": {"$oid": "6a54c2112a709d2ede45700b"}}, {"date": {"$date": "2026-07-12T00:00:00.000Z"}, "status": "present", "_id": {"$oid": "6a53071e2a709d2ede4569d9"}}, {"date": {"$date": "2026-07-11T00:00:00.000Z"}, "status": "present", "_id": {"$oid": "6a51dcbb2a709d2ede4564f5"}}]', '$2a$10$uEJMMZcCXmYfJjPG7v8NBOlFqi801Ab4cwmoNYs8/w.fgHYFjdpR2', NULL, NULL, '{"$date": "2026-07-03T20:20:33.118Z"}', '{"$date": "2026-07-18T04:17:45.770Z"}', 8);
INSERT INTO "students" ("_id", "user", "name", "phone", "parentName", "parentPhone", "email", "address", "enrollmentNumber", "batch", "joinedOn", "dueDate", "totalFees", "feePlanType", "paymentHistory", "attendanceRecords", "password", "lastActiveAt", "currentSessionId", "createdAt", "updatedAt", "__v") VALUES ('{"$oid": "6a4819927265de933ddb03c6"}', '{"$oid": "6a47e63831e83c43325be15a"}', 'AARNA GUPTA', '9123410020', 'ANUJ KUMAR GUPTA', '9123410020', 'anuj.highcourt@gmail.com', 'FLAT NO. 2A, KRISH PALACE BLOCK "A", BOSCO NAGAR ROAD NO. 1A,LATMA ROAD, SINGH MORE, HATIA', 'ENR0024', '{"$oid": "6a4819697265de933ddb0329"}', '{"$date": "2026-01-07T00:00:00.000Z"}', '{"$date": "2026-08-09T00:00:00.000Z"}', 3000, 'monthly', '[{"amount": 3000, "paymentDate": {"$date": "2026-07-09T00:00:00.000Z"}, "paymentType": "monthly", "note": "Marked paid from student search list", "_id": {"$oid": "6a4f7ee9489f95a98f0fcc9a"}}]', '[{"date": {"$date": "2026-07-17T00:00:00.000Z"}, "status": "present", "_id": {"$oid": "6a5afe68e89987cfc062496e"}}, {"date": {"$date": "2026-07-16T00:00:00.000Z"}, "status": "present", "_id": {"$oid": "6a58d18ee89987cfc0623462"}}, {"date": {"$date": "2026-07-15T00:00:00.000Z"}, "status": "present", "_id": {"$oid": "6a579efde89987cfc06226e8"}}, {"date": {"$date": "2026-07-13T00:00:00.000Z"}, "status": "present", "_id": {"$oid": "6a54c2102a709d2ede456ff9"}}, {"date": {"$date": "2026-07-12T00:00:00.000Z"}, "status": "present", "_id": {"$oid": "6a53071d2a709d2ede4569cc"}}, {"date": {"$date": "2026-07-11T00:00:00.000Z"}, "status": "present", "_id": {"$oid": "6a51dcb92a709d2ede4564e7"}}, {"date": {"$date": "2026-07-10T00:00:00.000Z"}, "status": "present", "_id": {"$oid": "6a50d4dc2a709d2ede4560e7"}}]', '$2a$10$J4DzYywAJlKgHovrd034.OlCdL9uoshJJFHctf8nTkT.AZdW1APPG', NULL, NULL, '{"$date": "2026-07-03T20:20:34.152Z"}', '{"$date": "2026-07-18T04:17:44.849Z"}', 9);
INSERT INTO "students" ("_id", "user", "name", "phone", "parentName", "parentPhone", "email", "address", "enrollmentNumber", "batch", "joinedOn", "dueDate", "totalFees", "feePlanType", "paymentHistory", "attendanceRecords", "password", "lastActiveAt", "currentSessionId", "createdAt", "updatedAt", "__v") VALUES ('{"$oid": "6a4819937265de933ddb03cc"}', '{"$oid": "6a47e63831e83c43325be15a"}', 'DIPTARKA maiti', '8294916854', 'Purnendu Maiti', '9835567056', 'diptarkamaiti@gmail.com', '203 Hari Gopal apartment premnagar Road no 4 singhmore hatia ranchi', 'ENR0025', '{"$oid": "6a4819527265de933ddb0323"}', '{"$date": "2026-01-07T00:00:00.000Z"}', '{"$date": "2026-08-08T00:00:00.000Z"}', 1000, 'monthly', '[{"amount": 1000, "paymentDate": {"$date": "2026-07-08T00:00:00.000Z"}, "paymentType": "monthly", "note": "Marked paid from student search list", "_id": {"$oid": "6a4df8299961e05fb1a8c57f"}}]', '[{"date": {"$date": "2026-07-17T00:00:00.000Z"}, "status": "present", "_id": {"$oid": "6a5afea3e89987cfc0624ae9"}}, {"date": {"$date": "2026-07-16T00:00:00.000Z"}, "status": "present", "_id": {"$oid": "6a58d1ace89987cfc0623540"}}, {"date": {"$date": "2026-07-13T00:00:00.000Z"}, "status": "present", "_id": {"$oid": "6a54c2342a709d2ede457077"}}, {"date": {"$date": "2026-07-12T00:00:00.000Z"}, "status": "present", "_id": {"$oid": "6a5387192a709d2ede456ba9"}}, {"date": {"$date": "2026-07-10T00:00:00.000Z"}, "status": "present", "_id": {"$oid": "6a50ccd82a709d2ede455eaa"}}]', '$2a$10$NycLzSffPOb8r8cCNt1k4eP.O2Zz/H/uAvuFVkAxYmcQRHXLouA4u', NULL, NULL, '{"$date": "2026-07-03T20:20:35.188Z"}', '{"$date": "2026-07-18T04:18:43.832Z"}', 7);
INSERT INTO "students" ("_id", "user", "name", "phone", "parentName", "parentPhone", "email", "address", "enrollmentNumber", "batch", "joinedOn", "dueDate", "totalFees", "feePlanType", "paymentHistory", "attendanceRecords", "password", "lastActiveAt", "currentSessionId", "createdAt", "updatedAt", "__v") VALUES ('{"$oid": "6a4819947265de933ddb03d2"}', '{"$oid": "6a47e63831e83c43325be15a"}', 'Aman kachhap', '6207518562', 'Ashok kachhap', '6207518562', 'swetakachhap636@gmail.com', 'Shanti colony prem nagar road number 6', 'ENR0026', '{"$oid": "6a4819527265de933ddb0323"}', '{"$date": "2026-01-07T00:00:00.000Z"}', '{"$date": "2026-01-07T00:00:00.000Z"}', 1000, 'monthly', '[]', '[{"date": {"$date": "2026-07-16T00:00:00.000Z"}, "status": "present", "_id": {"$oid": "6a58d1aae89987cfc0623530"}}, {"date": {"$date": "2026-07-13T00:00:00.000Z"}, "status": "absent", "_id": {"$oid": "6a54c2332a709d2ede457069"}}, {"date": {"$date": "2026-07-12T00:00:00.000Z"}, "status": "present", "_id": {"$oid": "6a5387182a709d2ede456b9e"}}, {"date": {"$date": "2026-07-11T00:00:00.000Z"}, "status": "present", "_id": {"$oid": "6a5220312a709d2ede456655"}}]', '$2a$10$GYcKH9CcBdZBkbH544DnvOeF5n4S61vCUkUXF.a.oXUILbGlR4HjG', NULL, NULL, '{"$date": "2026-07-03T20:20:36.223Z"}', '{"$date": "2026-07-16T12:42:18.890Z"}', 5);
INSERT INTO "students" ("_id", "user", "name", "phone", "parentName", "parentPhone", "email", "address", "enrollmentNumber", "batch", "joinedOn", "dueDate", "totalFees", "feePlanType", "paymentHistory", "attendanceRecords", "password", "lastActiveAt", "currentSessionId", "createdAt", "updatedAt", "__v") VALUES ('{"$oid": "6a4819957265de933ddb03d8"}', '{"$oid": "6a47e63831e83c43325be15a"}', 'Caleb Shelumiel Toppo', '9905428042', 'Manjul Binit Toppo', '9905428042', 'manjulbinit@gmail.com', 'Bosco Nagar Road no 2 Hatia Ranchi', 'ENR0027', '{"$oid": "6a4819697265de933ddb0329"}', '{"$date": "2026-01-07T00:00:00.000Z"}', '{"$date": "2026-08-08T00:00:00.000Z"}', 2250, 'monthly', '[{"amount": 2250, "paymentDate": {"$date": "2026-07-08T00:00:00.000Z"}, "paymentType": "monthly", "note": "Marked paid from student search list", "_id": {"$oid": "6a4df81f9961e05fb1a8c55e"}}]', '[{"date": {"$date": "2026-07-17T00:00:00.000Z"}, "status": "present", "_id": {"$oid": "6a5afe67e89987cfc062495a"}}, {"date": {"$date": "2026-07-16T00:00:00.000Z"}, "status": "present", "_id": {"$oid": "6a58d190e89987cfc0623476"}}, {"date": {"$date": "2026-07-12T00:00:00.000Z"}, "status": "present", "_id": {"$oid": "6a53071b2a709d2ede4569bd"}}, {"date": {"$date": "2026-07-11T00:00:00.000Z"}, "status": "present", "_id": {"$oid": "6a51dcb72a709d2ede4564d8"}}]', '$2a$10$x4e8ev0gy2Pjld3wYUpWnuuHCyPe8ANn3sZh3Us0qbUaBfn4bkj2u', NULL, NULL, '{"$date": "2026-07-03T20:20:37.259Z"}', '{"$date": "2026-07-18T04:17:43.797Z"}', 6);
INSERT INTO "students" ("_id", "user", "name", "phone", "parentName", "parentPhone", "email", "address", "enrollmentNumber", "batch", "joinedOn", "dueDate", "totalFees", "feePlanType", "paymentHistory", "attendanceRecords", "password", "lastActiveAt", "currentSessionId", "createdAt", "updatedAt", "__v") VALUES ('{"$oid": "6a4819967265de933ddb03de"}', '{"$oid": "6a47e63831e83c43325be15a"}', 'Aziel Jubal Toppo', '9905428042', 'Manjul Binit Toppo', '9905428042', 'manjulbinit@gmail.com', 'Bosco Nagar Road No 2 Hatia Ranchi', 'ENR0028', '{"$oid": "6a4819697265de933ddb0329"}', '{"$date": "2026-01-07T00:00:00.000Z"}', '{"$date": "2026-08-08T00:00:00.000Z"}', 2250, 'monthly', '[{"amount": 2250, "paymentDate": {"$date": "2026-07-08T00:00:00.000Z"}, "paymentType": "monthly", "note": "Marked paid from student search list", "_id": {"$oid": "6a4df81c9961e05fb1a8c553"}}]', '[{"date": {"$date": "2026-07-17T00:00:00.000Z"}, "status": "present", "_id": {"$oid": "6a5afe66e89987cfc0624948"}}, {"date": {"$date": "2026-07-16T00:00:00.000Z"}, "status": "present", "_id": {"$oid": "6a58d190e89987cfc062347f"}}, {"date": {"$date": "2026-07-12T00:00:00.000Z"}, "status": "present", "_id": {"$oid": "6a53071b2a709d2ede4569b1"}}, {"date": {"$date": "2026-07-11T00:00:00.000Z"}, "status": "present", "_id": {"$oid": "6a51dcb62a709d2ede4564d2"}}]', '$2a$10$aXbq3nthDCG3fDWugh11xOwLFISKrC.72lETpctHqL/CDRqYoett.', NULL, NULL, '{"$date": "2026-07-03T20:20:38.294Z"}', '{"$date": "2026-07-18T04:17:42.751Z"}', 6);
INSERT INTO "students" ("_id", "user", "name", "phone", "parentName", "parentPhone", "email", "address", "enrollmentNumber", "batch", "joinedOn", "dueDate", "totalFees", "feePlanType", "paymentHistory", "attendanceRecords", "password", "lastActiveAt", "currentSessionId", "createdAt", "updatedAt", "__v") VALUES ('{"$oid": "6a4819977265de933ddb03e4"}', '{"$oid": "6a47e63831e83c43325be15a"}', 'Om', '983530354', 'Sanjay Kumar', '98353054', 'sanjay69kumar191919', 'Road no 6 Geeta Colony', 'ENR0029', '{"$oid": "6a4819527265de933ddb0323"}', '{"$date": "2026-01-07T00:00:00.000Z"}', '{"$date": "2026-08-15T00:00:00.000Z"}', 1000, 'monthly', '[{"amount": 1000, "paymentDate": {"$date": "2026-07-15T00:00:00.000Z"}, "paymentType": "monthly", "note": "Marked paid from student search list", "_id": {"$oid": "6a579f17e89987cfc06227e5"}}]', '[{"date": {"$date": "2026-07-17T00:00:00.000Z"}, "status": "present", "_id": {"$oid": "6a5afea0e89987cfc0624ad5"}}, {"date": {"$date": "2026-07-16T00:00:00.000Z"}, "status": "present", "_id": {"$oid": "6a58d1a9e89987cfc0623520"}}, {"date": {"$date": "2026-07-15T00:00:00.000Z"}, "status": "present", "_id": {"$oid": "6a579eebe89987cfc06226a9"}}, {"date": {"$date": "2026-07-13T00:00:00.000Z"}, "status": "present", "_id": {"$oid": "6a54c2302a709d2ede45705d"}}, {"date": {"$date": "2026-07-10T00:00:00.000Z"}, "status": "present", "_id": {"$oid": "6a50ccd62a709d2ede455e9f"}}]', '$2a$10$wlnG7tenq5wNdUr/wFoEpuCtR00QuFw6rmowmR5I6uOlm.cNQ4dsC', NULL, NULL, '{"$date": "2026-07-03T20:20:39.330Z"}', '{"$date": "2026-07-18T04:18:40.645Z"}', 7);
INSERT INTO "students" ("_id", "user", "name", "phone", "parentName", "parentPhone", "email", "address", "enrollmentNumber", "batch", "joinedOn", "dueDate", "totalFees", "feePlanType", "paymentHistory", "attendanceRecords", "password", "lastActiveAt", "currentSessionId", "createdAt", "updatedAt", "__v") VALUES ('{"$oid": "6a4819987265de933ddb03ea"}', '{"$oid": "6a47e63831e83c43325be15a"}', 'Anurag kumar', '7903011319', 'Priyanka', '7903011319', 'priyankanath724@gmail.com', 'Bosco nagar,Gorkha colony,road no 3,near shiv mandir,singh more,Hatia, Ranchi', 'ENR0030', '{"$oid": "6a4819697265de933ddb0329"}', '{"$date": "2026-01-07T00:00:00.000Z"}', '{"$date": "2026-08-08T00:00:00.000Z"}', 3200, 'monthly', '[{"amount": 3200, "paymentDate": {"$date": "2026-07-08T00:00:00.000Z"}, "paymentType": "monthly", "note": "Marked paid from student search list", "_id": {"$oid": "6a4df8119961e05fb1a8c53a"}}]', '[{"date": {"$date": "2026-07-16T00:00:00.000Z"}, "status": "present", "_id": {"$oid": "6a58d191e89987cfc0623495"}}, {"date": {"$date": "2026-07-15T00:00:00.000Z"}, "status": "present", "_id": {"$oid": "6a579efbe89987cfc06226d5"}}, {"date": {"$date": "2026-07-13T00:00:00.000Z"}, "status": "present", "_id": {"$oid": "6a54c20e2a709d2ede456fe8"}}, {"date": {"$date": "2026-07-12T00:00:00.000Z"}, "status": "absent", "_id": {"$oid": "6a5307192a709d2ede4569a2"}}, {"date": {"$date": "2026-07-11T00:00:00.000Z"}, "status": "present", "_id": {"$oid": "6a51dcb42a709d2ede4564c4"}}, {"date": {"$date": "2026-07-10T00:00:00.000Z"}, "status": "present", "_id": {"$oid": "6a50d4d92a709d2ede4560db"}}]', '$2a$10$Jai.aNgTH.QVC.E2GnM4luzjngVPxhHWv3romijr05eiyYDSayMz6', NULL, NULL, '{"$date": "2026-07-03T20:20:40.366Z"}', '{"$date": "2026-07-16T12:41:53.623Z"}', 8);
INSERT INTO "students" ("_id", "user", "name", "phone", "parentName", "parentPhone", "email", "address", "enrollmentNumber", "batch", "joinedOn", "dueDate", "totalFees", "feePlanType", "paymentHistory", "attendanceRecords", "password", "lastActiveAt", "currentSessionId", "createdAt", "updatedAt", "__v") VALUES ('{"$oid": "6a4819997265de933ddb03f0"}', '{"$oid": "6a47e63831e83c43325be15a"}', 'Tejas Singh', '8210610198', 'Amarendra kumar singh', '8986812929', 'dktejasyt@gmail.com', 'Parvati enclave,road no:2,hesag', 'ENR0031', '{"$oid": "6a48193e7265de933ddb031c"}', '{"$date": "2026-01-07T00:00:00.000Z"}', '{"$date": "2026-08-18T00:00:00.000Z"}', 1200, 'monthly', '[{"amount": 1200, "paymentDate": {"$date": "2026-07-18T00:00:00.000Z"}, "paymentType": "monthly", "note": "Marked paid from student search list", "_id": {"$oid": "6a5b84a7e89987cfc0625331"}}]', '[{"date": {"$date": "2026-07-17T00:00:00.000Z"}, "status": "present", "_id": {"$oid": "6a5afe8fe89987cfc0624a48"}}, {"date": {"$date": "2026-07-16T00:00:00.000Z"}, "status": "present", "_id": {"$oid": "6a58d1b7e89987cfc0623572"}}, {"date": {"$date": "2026-07-15T00:00:00.000Z"}, "status": "present", "_id": {"$oid": "6a579ed5e89987cfc062265b"}}, {"date": {"$date": "2026-07-13T00:00:00.000Z"}, "status": "present", "_id": {"$oid": "6a54c2492a709d2ede4570c4"}}, {"date": {"$date": "2026-07-10T00:00:00.000Z"}, "status": "present", "_id": {"$oid": "6a50d07b2a709d2ede455fcb"}}, {"date": {"$date": "2026-07-06T00:00:00.000Z"}, "status": "present", "_id": {"$oid": "6a4b53de7265de933ddb0bd2"}}]', '$2a$10$bAIzu7IQ5.1cy6RjWrwCbubwqnm9Z/yZ/3pkCgAguUsgDQTrocRkq', NULL, NULL, '{"$date": "2026-07-03T20:20:41.400Z"}', '{"$date": "2026-07-18T13:50:31.101Z"}', 8);
INSERT INTO "students" ("_id", "user", "name", "phone", "parentName", "parentPhone", "email", "address", "enrollmentNumber", "batch", "joinedOn", "dueDate", "totalFees", "feePlanType", "paymentHistory", "attendanceRecords", "password", "lastActiveAt", "currentSessionId", "createdAt", "updatedAt", "__v") VALUES ('{"$oid": "6a5b55e7e89987cfc062511b"}', '{"$oid": "6a5b2818e89987cfc0624be1"}', 'Prakhar Kumar', '8888888880', 'xyz', '8888888880', 'mprakharkumar04@gmail.com', '', 'ENR0032', '{"$oid": "6a5b55bfe89987cfc0625105"}', '{"$date": "2026-07-17T00:00:00.000Z"}', NULL, 10000, 'full_course', '[{"amount": 10000, "paymentDate": {"$date": "2026-07-17T00:00:00.000Z"}, "paymentType": "full_course", "note": "Collected during enrollment", "_id": {"$oid": "6a5b55e7e89987cfc062511c"}}]', '[]', '$2a$10$0DpfvPyCc54ns85aKsUgqeNmMEh2DL/rOJuxyzCqOZ.RHGAMY2w8G', '{"$date": "2026-07-18T10:33:31.485Z"}', '1784370682458_a5ucwcdhy', '{"$date": "2026-07-18T10:31:03.487Z"}', '{"$date": "2026-07-18T10:33:31.485Z"}', 0);

-- Table: systemmetrics
INSERT INTO "systemmetrics" ("_id", "key", "value", "createdAt", "updatedAt", "__v") VALUES ('{"$oid": "6a20e85241cf9e8da89d26e7"}', 'highestConcurrentActiveUsers', 4, '{"$date": "2026-06-04T02:52:02.007Z"}', '{"$date": "2026-06-06T14:59:27.577Z"}', 0);

-- Table: testresults
INSERT INTO "testresults" ("_id", "institute", "createdBy", "student", "title", "score", "totalMarks", "examDate", "remarks", "__v", "createdAt", "updatedAt") VALUES ('{"$oid": "6a1ffe3a2c626658e81aad85"}', '{"$oid": "6a1b13d29b264c0244fda83f"}', '{"$oid": "6a1b13d39b264c0244fda842"}', '{"$oid": "6a1df6ed85e8504699158542"}', 'Sample Test', 90, 100, '{"$date": "2026-06-03T00:00:00.000Z"}', '', 0, '{"$date": "2026-06-03T10:13:14.146Z"}', '{"$date": "2026-06-03T10:13:14.146Z"}');
INSERT INTO "testresults" ("_id", "institute", "createdBy", "student", "title", "score", "totalMarks", "examDate", "remarks", "__v", "createdAt", "updatedAt") VALUES ('{"$oid": "6a1ffe3a2c626658e81aad87"}', '{"$oid": "6a1b13d29b264c0244fda83f"}', '{"$oid": "6a1b13d39b264c0244fda842"}', '{"$oid": "6a1b15e39b264c0244fda903"}', 'Sample Test', 70, 100, '{"$date": "2026-06-03T00:00:00.000Z"}', '', 0, '{"$date": "2026-06-03T10:13:14.147Z"}', '{"$date": "2026-06-03T10:13:14.147Z"}');
INSERT INTO "testresults" ("_id", "institute", "createdBy", "student", "title", "score", "totalMarks", "examDate", "remarks", "__v", "createdAt", "updatedAt") VALUES ('{"$oid": "6a1ffe3a2c626658e81aad86"}', '{"$oid": "6a1b13d29b264c0244fda83f"}', '{"$oid": "6a1b13d39b264c0244fda842"}', '{"$oid": "6a1c0a605b7bf53506dc1ad2"}', 'Sample Test', 80, 100, '{"$date": "2026-06-03T00:00:00.000Z"}', '', 0, '{"$date": "2026-06-03T10:13:14.147Z"}', '{"$date": "2026-06-03T10:13:14.147Z"}');
INSERT INTO "testresults" ("_id", "institute", "createdBy", "student", "title", "score", "totalMarks", "examDate", "remarks", "__v", "createdAt", "updatedAt") VALUES ('{"$oid": "6a1ffe5c6009f88541cf46b9"}', '{"$oid": "6a1b13d29b264c0244fda83f"}', '{"$oid": "6a1b13d39b264c0244fda842"}', '{"$oid": "6a1b15e39b264c0244fda903"}', 'Sample Test', 100, 100, '{"$date": "2026-06-03T00:00:00.000Z"}', '', 0, '{"$date": "2026-06-03T10:13:48.679Z"}', '{"$date": "2026-06-03T10:13:48.679Z"}');
INSERT INTO "testresults" ("_id", "institute", "createdBy", "student", "title", "score", "totalMarks", "examDate", "remarks", "__v", "createdAt", "updatedAt") VALUES ('{"$oid": "6a1ffe5c6009f88541cf46ba"}', '{"$oid": "6a1b13d29b264c0244fda83f"}', '{"$oid": "6a1b13d39b264c0244fda842"}', '{"$oid": "6a1c0a605b7bf53506dc1ad2"}', 'Sample Test', 90, 100, '{"$date": "2026-06-03T00:00:00.000Z"}', '', 0, '{"$date": "2026-06-03T10:13:48.682Z"}', '{"$date": "2026-06-03T10:13:48.682Z"}');
INSERT INTO "testresults" ("_id", "institute", "createdBy", "student", "title", "score", "totalMarks", "examDate", "remarks", "__v", "createdAt", "updatedAt") VALUES ('{"$oid": "6a1ffe5c6009f88541cf46bb"}', '{"$oid": "6a1b13d29b264c0244fda83f"}', '{"$oid": "6a1b13d39b264c0244fda842"}', '{"$oid": "6a1df6ed85e8504699158542"}', 'Sample Test', 80, 100, '{"$date": "2026-06-03T00:00:00.000Z"}', '', 0, '{"$date": "2026-06-03T10:13:48.682Z"}', '{"$date": "2026-06-03T10:13:48.682Z"}');
INSERT INTO "testresults" ("_id", "institute", "createdBy", "student", "title", "score", "totalMarks", "examDate", "remarks", "__v", "createdAt", "updatedAt") VALUES ('{"$oid": "6a1ffe9008d9f23384e2fc78"}', '{"$oid": "6a1b13d29b264c0244fda83f"}', '{"$oid": "6a1b13d39b264c0244fda842"}', '{"$oid": "6a1df6ed85e8504699158542"}', 'Sample Test', 70, 100, '{"$date": "2026-06-03T00:00:00.000Z"}', '', 0, '{"$date": "2026-06-03T10:14:40.211Z"}', '{"$date": "2026-06-03T10:14:40.211Z"}');
INSERT INTO "testresults" ("_id", "institute", "createdBy", "student", "title", "score", "totalMarks", "examDate", "remarks", "__v", "createdAt", "updatedAt") VALUES ('{"$oid": "6a1ffe9008d9f23384e2fc76"}', '{"$oid": "6a1b13d29b264c0244fda83f"}', '{"$oid": "6a1b13d39b264c0244fda842"}', '{"$oid": "6a1b15e39b264c0244fda903"}', 'Sample Test', 90, 100, '{"$date": "2026-06-03T00:00:00.000Z"}', '', 0, '{"$date": "2026-06-03T10:14:40.206Z"}', '{"$date": "2026-06-03T10:14:40.206Z"}');
INSERT INTO "testresults" ("_id", "institute", "createdBy", "student", "title", "score", "totalMarks", "examDate", "remarks", "__v", "createdAt", "updatedAt") VALUES ('{"$oid": "6a1ffe9008d9f23384e2fc77"}', '{"$oid": "6a1b13d29b264c0244fda83f"}', '{"$oid": "6a1b13d39b264c0244fda842"}', '{"$oid": "6a1c0a605b7bf53506dc1ad2"}', 'Sample Test', 80, 100, '{"$date": "2026-06-03T00:00:00.000Z"}', '', 0, '{"$date": "2026-06-03T10:14:40.211Z"}', '{"$date": "2026-06-03T10:14:40.211Z"}');
INSERT INTO "testresults" ("_id", "institute", "createdBy", "student", "title", "score", "totalMarks", "examDate", "remarks", "__v", "createdAt", "updatedAt") VALUES ('{"$oid": "6a1fff271954b18c1951a30c"}', '{"$oid": "6a1b13d29b264c0244fda83f"}', '{"$oid": "6a1b13d39b264c0244fda842"}', '{"$oid": "6a1df6ed85e8504699158542"}', 'Sample Test', 70, 100, '{"$date": "2026-06-03T00:00:00.000Z"}', '', 0, '{"$date": "2026-06-03T10:17:11.212Z"}', '{"$date": "2026-06-03T10:17:11.212Z"}');
INSERT INTO "testresults" ("_id", "institute", "createdBy", "student", "title", "score", "totalMarks", "examDate", "remarks", "__v", "createdAt", "updatedAt") VALUES ('{"$oid": "6a1fff271954b18c1951a30a"}', '{"$oid": "6a1b13d29b264c0244fda83f"}', '{"$oid": "6a1b13d39b264c0244fda842"}', '{"$oid": "6a1b15e39b264c0244fda903"}', 'Sample Test', 90, 100, '{"$date": "2026-06-03T00:00:00.000Z"}', '', 0, '{"$date": "2026-06-03T10:17:11.211Z"}', '{"$date": "2026-06-03T10:17:11.211Z"}');
INSERT INTO "testresults" ("_id", "institute", "createdBy", "student", "title", "score", "totalMarks", "examDate", "remarks", "__v", "createdAt", "updatedAt") VALUES ('{"$oid": "6a1fff271954b18c1951a30b"}', '{"$oid": "6a1b13d29b264c0244fda83f"}', '{"$oid": "6a1b13d39b264c0244fda842"}', '{"$oid": "6a1c0a605b7bf53506dc1ad2"}', 'Sample Test', 80, 100, '{"$date": "2026-06-03T00:00:00.000Z"}', '', 0, '{"$date": "2026-06-03T10:17:11.211Z"}', '{"$date": "2026-06-03T10:17:11.211Z"}');
INSERT INTO "testresults" ("_id", "institute", "createdBy", "student", "title", "score", "totalMarks", "examDate", "remarks", "__v", "createdAt", "updatedAt") VALUES ('{"$oid": "6a1fff691a00271966cb8c3c"}', '{"$oid": "6a1b13d29b264c0244fda83f"}', '{"$oid": "6a1b13d39b264c0244fda842"}', '{"$oid": "6a1c0a605b7bf53506dc1ad2"}', 'Sample Test 2', 81, 100, '{"$date": "2026-06-03T00:00:00.000Z"}', '', 0, '{"$date": "2026-06-03T10:18:17.139Z"}', '{"$date": "2026-06-03T10:18:17.139Z"}');
INSERT INTO "testresults" ("_id", "institute", "createdBy", "student", "title", "score", "totalMarks", "examDate", "remarks", "__v", "createdAt", "updatedAt") VALUES ('{"$oid": "6a1fff691a00271966cb8c3b"}', '{"$oid": "6a1b13d29b264c0244fda83f"}', '{"$oid": "6a1b13d39b264c0244fda842"}', '{"$oid": "6a1b15e39b264c0244fda903"}', 'Sample Test 2', 91, 100, '{"$date": "2026-06-03T00:00:00.000Z"}', '', 0, '{"$date": "2026-06-03T10:18:17.139Z"}', '{"$date": "2026-06-03T10:18:17.139Z"}');
INSERT INTO "testresults" ("_id", "institute", "createdBy", "student", "title", "score", "totalMarks", "examDate", "remarks", "__v", "createdAt", "updatedAt") VALUES ('{"$oid": "6a1fff691a00271966cb8c3d"}', '{"$oid": "6a1b13d29b264c0244fda83f"}', '{"$oid": "6a1b13d39b264c0244fda842"}', '{"$oid": "6a1df6ed85e8504699158542"}', 'Sample Test 2', 71, 100, '{"$date": "2026-06-03T00:00:00.000Z"}', '', 0, '{"$date": "2026-06-03T10:18:17.139Z"}', '{"$date": "2026-06-03T10:18:17.139Z"}');
INSERT INTO "testresults" ("_id", "institute", "createdBy", "student", "title", "score", "totalMarks", "examDate", "remarks", "__v", "createdAt", "updatedAt") VALUES ('{"$oid": "6a2096e2beed0b7f4780cf61"}', '{"$oid": "6a20043add443d82b4e127bb"}', '{"$oid": "6a20043add443d82b4e127be"}', '{"$oid": "6a200470dd443d82b4e12837"}', 'Test', 90, 100, '{"$date": "2026-06-03T00:00:00.000Z"}', '', 0, '{"$date": "2026-06-03T21:04:34.851Z"}', '{"$date": "2026-06-03T21:04:34.851Z"}');
INSERT INTO "testresults" ("_id", "institute", "createdBy", "student", "title", "score", "totalMarks", "examDate", "remarks", "__v", "createdAt", "updatedAt") VALUES ('{"$oid": "6a281d3633351a86aaf448d9"}', '{"$oid": "6a20043add443d82b4e127bb"}', '{"$oid": "6a20043add443d82b4e127be"}', '{"$oid": "6a20d9d96a54b74bd83afa9d"}', 'okokokok', 20, 50, '{"$date": "2026-06-01T00:00:00.000Z"}', '', 0, '{"$date": "2026-06-09T14:03:34.105Z"}', '{"$date": "2026-06-09T14:03:34.105Z"}');
INSERT INTO "testresults" ("_id", "institute", "createdBy", "student", "title", "score", "totalMarks", "examDate", "remarks", "__v", "createdAt", "updatedAt") VALUES ('{"$oid": "6a281d3633351a86aaf448da"}', '{"$oid": "6a20043add443d82b4e127bb"}', '{"$oid": "6a20043add443d82b4e127be"}', '{"$oid": "6a24c89133351a86aaf4360f"}', 'okokokok', 25, 50, '{"$date": "2026-06-01T00:00:00.000Z"}', '', 0, '{"$date": "2026-06-09T14:03:34.106Z"}', '{"$date": "2026-06-09T14:03:34.106Z"}');
INSERT INTO "testresults" ("_id", "institute", "createdBy", "student", "title", "score", "totalMarks", "examDate", "remarks", "__v", "createdAt", "updatedAt") VALUES ('{"$oid": "6a3a350fbfe665b7c38c7038"}', '{"$oid": "6a20043add443d82b4e127bb"}', '{"$oid": "6a20043add443d82b4e127be"}', '{"$oid": "6a20d9d96a54b74bd83afa9d"}', 'ep', 80, 100, '{"$date": "2026-06-21T00:00:00.000Z"}', '', 0, '{"$date": "2026-06-23T07:26:07.221Z"}', '{"$date": "2026-06-23T07:26:07.221Z"}');
INSERT INTO "testresults" ("_id", "institute", "createdBy", "student", "title", "score", "totalMarks", "examDate", "remarks", "__v", "createdAt", "updatedAt") VALUES ('{"$oid": "6a3a350fbfe665b7c38c7039"}', '{"$oid": "6a20043add443d82b4e127bb"}', '{"$oid": "6a20043add443d82b4e127be"}', '{"$oid": "6a24c89133351a86aaf4360f"}', 'ep', 20, 100, '{"$date": "2026-06-21T00:00:00.000Z"}', '', 0, '{"$date": "2026-06-23T07:26:07.221Z"}', '{"$date": "2026-06-23T07:26:07.221Z"}');
INSERT INTO "testresults" ("_id", "institute", "createdBy", "student", "title", "score", "totalMarks", "examDate", "remarks", "__v", "createdAt", "updatedAt") VALUES ('{"$oid": "6a5cf0a0e89987cfc06257a5"}', '{"$oid": "6a47e63731e83c43325be157"}', '{"$oid": "6a47e63831e83c43325be15a"}', '{"$oid": "6a4819887265de933ddb0390"}', 'Fhv', 0, 100, '{"$date": "2026-07-19T00:00:00.000Z"}', '', 0, '{"$date": "2026-07-19T15:43:28.351Z"}', '{"$date": "2026-07-19T15:43:28.351Z"}');
INSERT INTO "testresults" ("_id", "institute", "createdBy", "student", "title", "score", "totalMarks", "examDate", "remarks", "__v", "createdAt", "updatedAt") VALUES ('{"$oid": "6a5cf0a0e89987cfc06257a7"}', '{"$oid": "6a47e63731e83c43325be157"}', '{"$oid": "6a47e63831e83c43325be15a"}', '{"$oid": "6a48198c7265de933ddb03a8"}', 'Fhv', 0, 100, '{"$date": "2026-07-19T00:00:00.000Z"}', '', 0, '{"$date": "2026-07-19T15:43:28.351Z"}', '{"$date": "2026-07-19T15:43:28.351Z"}');
INSERT INTO "testresults" ("_id", "institute", "createdBy", "student", "title", "score", "totalMarks", "examDate", "remarks", "__v", "createdAt", "updatedAt") VALUES ('{"$oid": "6a5cf0a0e89987cfc06257a8"}', '{"$oid": "6a47e63731e83c43325be157"}', '{"$oid": "6a47e63831e83c43325be15a"}', '{"$oid": "6a4819937265de933ddb03cc"}', 'Fhv', 0, 100, '{"$date": "2026-07-19T00:00:00.000Z"}', '', 0, '{"$date": "2026-07-19T15:43:28.351Z"}', '{"$date": "2026-07-19T15:43:28.351Z"}');
INSERT INTO "testresults" ("_id", "institute", "createdBy", "student", "title", "score", "totalMarks", "examDate", "remarks", "__v", "createdAt", "updatedAt") VALUES ('{"$oid": "6a5cf0a0e89987cfc06257a6"}', '{"$oid": "6a47e63731e83c43325be157"}', '{"$oid": "6a47e63831e83c43325be15a"}', '{"$oid": "6a4819897265de933ddb0396"}', 'Fhv', 0, 100, '{"$date": "2026-07-19T00:00:00.000Z"}', '', 0, '{"$date": "2026-07-19T15:43:28.351Z"}', '{"$date": "2026-07-19T15:43:28.351Z"}');
INSERT INTO "testresults" ("_id", "institute", "createdBy", "student", "title", "score", "totalMarks", "examDate", "remarks", "__v", "createdAt", "updatedAt") VALUES ('{"$oid": "6a5cf0a0e89987cfc06257a3"}', '{"$oid": "6a47e63731e83c43325be157"}', '{"$oid": "6a47e63831e83c43325be15a"}', '{"$oid": "6a48197b7265de933ddb0342"}', 'Fhv', 20, 100, '{"$date": "2026-07-19T00:00:00.000Z"}', '', 0, '{"$date": "2026-07-19T15:43:28.351Z"}', '{"$date": "2026-07-19T15:43:28.351Z"}');
INSERT INTO "testresults" ("_id", "institute", "createdBy", "student", "title", "score", "totalMarks", "examDate", "remarks", "__v", "createdAt", "updatedAt") VALUES ('{"$oid": "6a5cf0a0e89987cfc06257a9"}', '{"$oid": "6a47e63731e83c43325be157"}', '{"$oid": "6a47e63831e83c43325be15a"}', '{"$oid": "6a4819947265de933ddb03d2"}', 'Fhv', 0, 100, '{"$date": "2026-07-19T00:00:00.000Z"}', '', 0, '{"$date": "2026-07-19T15:43:28.351Z"}', '{"$date": "2026-07-19T15:43:28.351Z"}');
INSERT INTO "testresults" ("_id", "institute", "createdBy", "student", "title", "score", "totalMarks", "examDate", "remarks", "__v", "createdAt", "updatedAt") VALUES ('{"$oid": "6a5cf0a0e89987cfc06257aa"}', '{"$oid": "6a47e63731e83c43325be157"}', '{"$oid": "6a47e63831e83c43325be15a"}', '{"$oid": "6a4819977265de933ddb03e4"}', 'Fhv', 0, 100, '{"$date": "2026-07-19T00:00:00.000Z"}', '', 0, '{"$date": "2026-07-19T15:43:28.351Z"}', '{"$date": "2026-07-19T15:43:28.351Z"}');
INSERT INTO "testresults" ("_id", "institute", "createdBy", "student", "title", "score", "totalMarks", "examDate", "remarks", "__v", "createdAt", "updatedAt") VALUES ('{"$oid": "6a5cf0a0e89987cfc06257a4"}', '{"$oid": "6a47e63731e83c43325be157"}', '{"$oid": "6a47e63831e83c43325be15a"}', '{"$oid": "6a48197c7265de933ddb0348"}', 'Fhv', 30, 100, '{"$date": "2026-07-19T00:00:00.000Z"}', '', 0, '{"$date": "2026-07-19T15:43:28.351Z"}', '{"$date": "2026-07-19T15:43:28.351Z"}');

-- Table: users
INSERT INTO "users" ("_id", "email", "password", "createdAt", "updatedAt", "__v", "lastActiveAt", "currentSessionId", "name", "role") VALUES ('{"$oid": "69dde2eafa81d530926e3f89"}', 'priyanshugiri63@gmail.com', '$2a$10$8Pnbiy19ZhtOKDkHJ.1Tg.rEWzyw0Ef6xbKIHME2H4cAQeLoIToXe', '{"$date": "2026-04-14T06:47:06.856Z"}', '{"$date": "2026-07-03T11:59:22.623Z"}', 0, '{"$date": "2026-07-03T11:59:22.622Z"}', '1783079960525_fmfbdxn69', '', 'institute_admin');
INSERT INTO "users" ("_id", "email", "password", "name", "role", "institute", "lastActiveAt", "currentSessionId", "createdAt", "updatedAt", "__v") VALUES ('{"$oid": "6a47e63831e83c43325be15a"}', 'jhamlal2003@gmail.com', '$2a$10$CfGSA.rlyJk3cDWKThjGCOicYTcYNGejZO8LMfyb0GruIRoCTq6/G', '', 'institute_admin', '{"$oid": "6a47e63731e83c43325be157"}', '{"$date": "2026-07-19T22:25:49.006Z"}', '1784499281505_c1sja6kgo', '{"$date": "2026-07-03T16:41:28.212Z"}', '{"$date": "2026-07-19T22:25:49.006Z"}', 0);
INSERT INTO "users" ("_id", "email", "password", "name", "role", "institute", "lastActiveAt", "currentSessionId", "createdAt", "updatedAt", "__v") VALUES ('{"$oid": "6a5b2818e89987cfc0624be1"}', 'demo@gmail.com', '$2a$10$8Gdhoj6OGbrYESAXryuKLuajkTs/DXK9yAU4q90Fm1SAROkQIetpy', '', 'institute_admin', '{"$oid": "6a5b2818e89987cfc0624bde"}', '{"$date": "2026-07-18T10:38:07.975Z"}', '1784370830439_qjwu8j03o', '{"$date": "2026-07-18T07:15:36.791Z"}', '{"$date": "2026-07-18T10:38:07.975Z"}', 0);
INSERT INTO "users" ("_id", "email", "password", "name", "role", "institute", "lastActiveAt", "currentSessionId", "createdAt", "updatedAt", "__v") VALUES ('{"$oid": "6a5b55a2e89987cfc06250f1"}', 'abc@gmail.com', '$2a$10$4mrof72hu0yS/fm7nctGt.fDoZXRT7ipR9qPuOpi6mektM3z2KxNW', 'abc', 'teacher', '{"$oid": "6a5b2818e89987cfc0624bde"}', NULL, NULL, '{"$date": "2026-07-18T10:29:54.971Z"}', '{"$date": "2026-07-18T10:29:54.971Z"}', 0);
